artist,title,ids,danceability,energy,key,loudness,mode,speechiness,acousticness,instrumentalness,liveness,valence,tempo,type,id,uri,track_href,analysis_url,duration_ms,time_signature
Doja Cat,Paint The Town Red,56y1jOTK0XSvJzVv9vHQBK,0.864,0.556,2,-7.683,0,0.194,0.255,3.85e-06,0.112,0.726,99.974,audio_features,56y1jOTK0XSvJzVv9vHQBK,spotify:track:56y1jOTK0XSvJzVv9vHQBK,https://api.spotify.com/v1/tracks/56y1jOTK0XSvJzVv9vHQBK,https://api.spotify.com/v1/audio-analysis/56y1jOTK0XSvJzVv9vHQBK,230480,4
SZA,Snooze,4iZ4pt7kvcaH6Yo8UoZ4s2,0.559,0.551,5,-7.231,1,0.132,0.141,0.0,0.11,0.392,143.008,audio_features,4iZ4pt7kvcaH6Yo8UoZ4s2,spotify:track:4iZ4pt7kvcaH6Yo8UoZ4s2,https://api.spotify.com/v1/tracks/4iZ4pt7kvcaH6Yo8UoZ4s2,https://api.spotify.com/v1/audio-analysis/4iZ4pt7kvcaH6Yo8UoZ4s2,201800,4
Taylor Swift,Cruel Summer,2EGaDf0cPX789H3LNeB03D,0.666,0.871,1,-6.017,0,0.0272,0.27,0.0208,0.263,0.936,108.501,audio_features,2EGaDf0cPX789H3LNeB03D,spotify:track:2EGaDf0cPX789H3LNeB03D,https://api.spotify.com/v1/tracks/2EGaDf0cPX789H3LNeB03D,https://api.spotify.com/v1/audio-analysis/2EGaDf0cPX789H3LNeB03D,215326,4
Luke Combs,Fast Car,1Lo0QY9cvc8sUB2vnIOxDT,0.712,0.603,8,-5.52,1,0.0262,0.186,0.0,0.115,0.67,97.994,audio_features,1Lo0QY9cvc8sUB2vnIOxDT,spotify:track:1Lo0QY9cvc8sUB2vnIOxDT,https://api.spotify.com/v1/tracks/1Lo0QY9cvc8sUB2vnIOxDT,https://api.spotify.com/v1/audio-analysis/1Lo0QY9cvc8sUB2vnIOxDT,265493,4
Jung Kook & Jack Harlow,3D,2pLZ6tUBapqlngc9lnYz4M,0.865,0.785,1,-3.313,1,0.0483,0.0221,0.0,0.286,0.836,108.031,audio_features,2pLZ6tUBapqlngc9lnYz4M,spotify:track:2pLZ6tUBapqlngc9lnYz4M,https://api.spotify.com/v1/tracks/2pLZ6tUBapqlngc9lnYz4M,https://api.spotify.com/v1/audio-analysis/2pLZ6tUBapqlngc9lnYz4M,162545,4
Zach Bryan Featuring Kacey Musgraves,I Remember Everything,4KULAymBBJcPRpk1yO4dOG,0.429,0.453,0,-7.746,1,0.0459,0.554,2e-06,0.102,0.155,77.639,audio_features,4KULAymBBJcPRpk1yO4dOG,spotify:track:4KULAymBBJcPRpk1yO4dOG,https://api.spotify.com/v1/tracks/4KULAymBBJcPRpk1yO4dOG,https://api.spotify.com/v1/audio-analysis/4KULAymBBJcPRpk1yO4dOG,227196,4
Morgan Wallen,Last Night,59uQI0PADDKeE6UZDTJEe8,0.517,0.675,6,-5.382,1,0.0357,0.459,0.0,0.151,0.518,203.853,audio_features,59uQI0PADDKeE6UZDTJEe8,spotify:track:59uQI0PADDKeE6UZDTJEe8,https://api.spotify.com/v1/tracks/59uQI0PADDKeE6UZDTJEe8,https://api.spotify.com/v1/audio-analysis/59uQI0PADDKeE6UZDTJEe8,163855,4
Gunna,Fukumean,4rXLjWdF2ZZpXCVTfWcshS,0.847,0.622,1,-6.747,0,0.0903,0.119,0.0,0.285,0.22,130.001,audio_features,4rXLjWdF2ZZpXCVTfWcshS,spotify:track:4rXLjWdF2ZZpXCVTfWcshS,https://api.spotify.com/v1/tracks/4rXLjWdF2ZZpXCVTfWcshS,https://api.spotify.com/v1/audio-analysis/4rXLjWdF2ZZpXCVTfWcshS,125040,4
Olivia Rodrigo,Vampire,4sSKTQcX6pQIncWcNJdkiD,0.675,0.609,1,-7.905,1,0.094,0.284,0.268,0.112,0.057,119.973,audio_features,4sSKTQcX6pQIncWcNJdkiD,spotify:track:4sSKTQcX6pQIncWcNJdkiD,https://api.spotify.com/v1/tracks/4sSKTQcX6pQIncWcNJdkiD,https://api.spotify.com/v1/audio-analysis/4sSKTQcX6pQIncWcNJdkiD,300000,4
Rema & Selena Gomez,Calm Down,0WtM2NBVQNNJLh6scP13H8,0.801,0.806,11,-5.206,1,0.0381,0.382,0.000669,0.114,0.802,106.999,audio_features,0WtM2NBVQNNJLh6scP13H8,spotify:track:0WtM2NBVQNNJLh6scP13H8,https://api.spotify.com/v1/tracks/0WtM2NBVQNNJLh6scP13H8,https://api.spotify.com/v1/audio-analysis/0WtM2NBVQNNJLh6scP13H8,239318,4
Dua Lipa,Dance The Night,1vYXt7VSjH9JIM5oRRo7vA,0.671,0.845,11,-4.93,0,0.048,0.0207,0.0,0.329,0.775,110.056,audio_features,1vYXt7VSjH9JIM5oRRo7vA,spotify:track:1vYXt7VSjH9JIM5oRRo7vA,https://api.spotify.com/v1/tracks/1vYXt7VSjH9JIM5oRRo7vA,https://api.spotify.com/v1/audio-analysis/1vYXt7VSjH9JIM5oRRo7vA,176579,4
Nicki Minaj & Ice Spice With Aqua,Barbie World,741UUVE2kuITl0c6zuqqbO,0.77,0.58,0,-8.393,1,0.247,0.519,0.000127,0.233,0.753,144.072,audio_features,741UUVE2kuITl0c6zuqqbO,spotify:track:741UUVE2kuITl0c6zuqqbO,https://api.spotify.com/v1/tracks/741UUVE2kuITl0c6zuqqbO,https://api.spotify.com/v1/audio-analysis/741UUVE2kuITl0c6zuqqbO,109750,4
Morgan Wallen,Thinkin' Bout Me,0PAcdVzhPO4gq1Iym9ESnK,0.656,0.757,3,-5.775,0,0.0308,0.492,0.0,0.117,0.429,139.971,audio_features,0PAcdVzhPO4gq1Iym9ESnK,spotify:track:0PAcdVzhPO4gq1Iym9ESnK,https://api.spotify.com/v1/tracks/0PAcdVzhPO4gq1Iym9ESnK,https://api.spotify.com/v1/audio-analysis/0PAcdVzhPO4gq1Iym9ESnK,177388,4
Tate McRae,Greedy,4ewmHD3aRBmLyTsbGreNLw,0.79,0.613,9,-5.911,1,0.0698,0.288,0.0,0.0912,0.729,105.02,audio_features,4ewmHD3aRBmLyTsbGreNLw,spotify:track:4ewmHD3aRBmLyTsbGreNLw,https://api.spotify.com/v1/tracks/4ewmHD3aRBmLyTsbGreNLw,https://api.spotify.com/v1/audio-analysis/4ewmHD3aRBmLyTsbGreNLw,166947,4
Miley Cyrus,Flowers,1ZJwhLQLt2quexYKP2Q3gk,0.672,0.159,9,-8.76,0,0.0343,0.962,1.83e-05,0.106,0.117,113.218,audio_features,1ZJwhLQLt2quexYKP2Q3gk,spotify:track:1ZJwhLQLt2quexYKP2Q3gk,https://api.spotify.com/v1/tracks/1ZJwhLQLt2quexYKP2Q3gk,https://api.spotify.com/v1/audio-analysis/1ZJwhLQLt2quexYKP2Q3gk,210827,4
Bailey Zimmerman,Religiously,0bILU0UiNDmA5Ff6whhb2R,0.57,0.67,1,-6.519,1,0.0274,0.426,0.0,0.108,0.593,140.924,audio_features,0bILU0UiNDmA5Ff6whhb2R,spotify:track:0bILU0UiNDmA5Ff6whhb2R,https://api.spotify.com/v1/tracks/0bILU0UiNDmA5Ff6whhb2R,https://api.spotify.com/v1/audio-analysis/0bILU0UiNDmA5Ff6whhb2R,178723,4
Jelly Roll,Need A Favor,5twSy6ffBrF03mnNUsUgJZ,0.504,0.771,6,-4.231,1,0.0319,0.0123,1.89e-05,0.078,0.555,157.985,audio_features,5twSy6ffBrF03mnNUsUgJZ,spotify:track:5twSy6ffBrF03mnNUsUgJZ,https://api.spotify.com/v1/tracks/5twSy6ffBrF03mnNUsUgJZ,https://api.spotify.com/v1/audio-analysis/5twSy6ffBrF03mnNUsUgJZ,197400,4
Drake Featuring SZA,Slime You Out,3RaCGXCiiMufRPoexXxGkV,0.483,0.408,5,-9.243,0,0.0502,0.508,0.0,0.259,0.105,88.88,audio_features,3RaCGXCiiMufRPoexXxGkV,spotify:track:3RaCGXCiiMufRPoexXxGkV,https://api.spotify.com/v1/tracks/3RaCGXCiiMufRPoexXxGkV,https://api.spotify.com/v1/audio-analysis/3RaCGXCiiMufRPoexXxGkV,310491,3
Olivia Rodrigo,Bad Idea Right?,3IX0yuEVvDbnqUwMBB3ouC,0.627,0.879,9,-3.446,1,0.0955,0.00193,6.87e-06,0.0647,0.748,129.979,audio_features,3IX0yuEVvDbnqUwMBB3ouC,spotify:track:3IX0yuEVvDbnqUwMBB3ouC,https://api.spotify.com/v1/tracks/3IX0yuEVvDbnqUwMBB3ouC,https://api.spotify.com/v1/audio-analysis/3IX0yuEVvDbnqUwMBB3ouC,184784,4
Taylor Swift,Anti-Hero,0V3wPSX9ygBnCm8psDIegu,0.637,0.643,4,-6.571,1,0.0519,0.13,1.8e-06,0.142,0.533,97.008,audio_features,0V3wPSX9ygBnCm8psDIegu,spotify:track:0V3wPSX9ygBnCm8psDIegu,https://api.spotify.com/v1/tracks/0V3wPSX9ygBnCm8psDIegu,https://api.spotify.com/v1/audio-analysis/0V3wPSX9ygBnCm8psDIegu,200690,4
Lainey Wilson,Watermelon Moonshine,38u8rrHfOAcOE7IbArM39x,0.739,0.413,1,-6.709,1,0.0282,0.47,2.51e-05,0.131,0.649,139.921,audio_features,38u8rrHfOAcOE7IbArM39x,spotify:track:38u8rrHfOAcOE7IbArM39x,https://api.spotify.com/v1/tracks/38u8rrHfOAcOE7IbArM39x,https://api.spotify.com/v1/audio-analysis/38u8rrHfOAcOE7IbArM39x,208853,4
Lil Durk Featuring J. Cole,All My Life,6HgWWaMu31KdOpEG5l28BG,0.829,0.436,3,-8.205,1,0.327,0.15,0.0,0.0954,0.693,143.031,audio_features,6HgWWaMu31KdOpEG5l28BG,spotify:track:6HgWWaMu31KdOpEG5l28BG,https://api.spotify.com/v1/tracks/6HgWWaMu31KdOpEG5l28BG,https://api.spotify.com/v1/audio-analysis/6HgWWaMu31KdOpEG5l28BG,223204,4
Miley Cyrus,Used To Be Young,41WQUSINanQHfhfKpFDsms,0.451,0.632,4,-3.843,1,0.0475,0.6,0.0,0.139,0.455,147.06,audio_features,41WQUSINanQHfhfKpFDsms,spotify:track:41WQUSINanQHfhfKpFDsms,https://api.spotify.com/v1/tracks/41WQUSINanQHfhfKpFDsms,https://api.spotify.com/v1/audio-analysis/41WQUSINanQHfhfKpFDsms,190461,4
SZA,Kill Bill,1Qrg8KqiBpW07V7PNxwwwL,0.644,0.735,8,-5.747,1,0.0391,0.0521,0.144,0.161,0.418,88.98,audio_features,1Qrg8KqiBpW07V7PNxwwwL,spotify:track:1Qrg8KqiBpW07V7PNxwwwL,https://api.spotify.com/v1/tracks/1Qrg8KqiBpW07V7PNxwwwL,https://api.spotify.com/v1/audio-analysis/1Qrg8KqiBpW07V7PNxwwwL,153947,4
*NSYNC,Better Place,1bHnRc60O1N0l3PbHjaKyK,0.579,0.556,4,-6.277,0,0.0511,0.0214,0.0,0.0904,0.558,116.943,audio_features,1bHnRc60O1N0l3PbHjaKyK,spotify:track:1bHnRc60O1N0l3PbHjaKyK,https://api.spotify.com/v1/tracks/1bHnRc60O1N0l3PbHjaKyK,https://api.spotify.com/v1/audio-analysis/1bHnRc60O1N0l3PbHjaKyK,216667,4
Noah Kahan With Post Malone,Dial Drunk,22VHOlVYBqytsrAqV8yXBK,0.667,0.613,8,-7.147,1,0.0313,0.121,0.0,0.113,0.681,112.046,audio_features,22VHOlVYBqytsrAqV8yXBK,spotify:track:22VHOlVYBqytsrAqV8yXBK,https://api.spotify.com/v1/tracks/22VHOlVYBqytsrAqV8yXBK,https://api.spotify.com/v1/audio-analysis/22VHOlVYBqytsrAqV8yXBK,213817,4
Billie Eilish,What Was I Made For?,6wf7Yu7cxBSPrRlWeSeK0Q,0.444,0.0911,0,-17.665,1,0.0307,0.959,1.05e-06,0.098,0.142,78.403,audio_features,6wf7Yu7cxBSPrRlWeSeK0Q,spotify:track:6wf7Yu7cxBSPrRlWeSeK0Q,https://api.spotify.com/v1/tracks/6wf7Yu7cxBSPrRlWeSeK0Q,https://api.spotify.com/v1/audio-analysis/6wf7Yu7cxBSPrRlWeSeK0Q,222370,4
"Usher, Summer Walker & 21 Savage",Good Good,0J1YRLYhTG1MBosjidD7OI,0.753,0.669,7,-4.914,0,0.104,0.0378,0.0,0.122,0.584,140.948,audio_features,0J1YRLYhTG1MBosjidD7OI,spotify:track:0J1YRLYhTG1MBosjidD7OI,https://api.spotify.com/v1/tracks/0J1YRLYhTG1MBosjidD7OI,https://api.spotify.com/v1/audio-analysis/0J1YRLYhTG1MBosjidD7OI,247469,4
Doechii Featuring Kodak Black,What It Is (Block Boy),1O8zCu3dLLPxkbGfIsbRgE,0.731,0.744,1,-5.77,0,0.174,0.109,0.0,0.123,0.727,171.859,audio_features,1O8zCu3dLLPxkbGfIsbRgE,spotify:track:1O8zCu3dLLPxkbGfIsbRgE,https://api.spotify.com/v1/tracks/1O8zCu3dLLPxkbGfIsbRgE,https://api.spotify.com/v1/audio-analysis/1O8zCu3dLLPxkbGfIsbRgE,223344,4
Oliver Anthony Music,Rich Men North Of Richmond,78Du4CMFgnhdlG33gblkiP,0.678,0.264,10,-12.384,1,0.0622,0.753,0.0,0.302,0.528,121.722,audio_features,78Du4CMFgnhdlG33gblkiP,spotify:track:78Du4CMFgnhdlG33gblkiP,https://api.spotify.com/v1/tracks/78Du4CMFgnhdlG33gblkiP,https://api.spotify.com/v1/audio-analysis/78Du4CMFgnhdlG33gblkiP,187244,4
Taylor Swift Featuring Ice Spice,Karma,4i6cwNY6oIUU2XZxPIw82Y,0.615,0.616,8,-6.523,1,0.0622,0.0623,0.0,0.579,0.0734,89.977,audio_features,4i6cwNY6oIUU2XZxPIw82Y,spotify:track:4i6cwNY6oIUU2XZxPIw82Y,https://api.spotify.com/v1/tracks/4i6cwNY6oIUU2XZxPIw82Y,https://api.spotify.com/v1/audio-analysis/4i6cwNY6oIUU2XZxPIw82Y,201493,4
"Metro Boomin, The Weeknd & 21 Savage",Creepin',2dHHgzDwk4BJdRwy9uXhTO,0.715,0.62,1,-6.005,0,0.0484,0.417,0.0,0.0822,0.172,97.95,audio_features,2dHHgzDwk4BJdRwy9uXhTO,spotify:track:2dHHgzDwk4BJdRwy9uXhTO,https://api.spotify.com/v1/tracks/2dHHgzDwk4BJdRwy9uXhTO,https://api.spotify.com/v1/audio-analysis/2dHHgzDwk4BJdRwy9uXhTO,221520,4
David Kushner,Daylight,1odExI7RdWc4BT515LTAwj,0.508,0.43,2,-9.475,0,0.0335,0.83,0.000441,0.093,0.324,130.09,audio_features,1odExI7RdWc4BT515LTAwj,spotify:track:1odExI7RdWc4BT515LTAwj,https://api.spotify.com/v1/tracks/1odExI7RdWc4BT515LTAwj,https://api.spotify.com/v1/audio-analysis/1odExI7RdWc4BT515LTAwj,212954,4
Doja Cat,Agora Hills,2G7SW5LADSzkwk3PTz7EMO,0.755,0.68,8,-6.15,0,0.0862,0.206,4.58e-05,0.122,0.373,123.031,audio_features,2G7SW5LADSzkwk3PTz7EMO,spotify:track:2G7SW5LADSzkwk3PTz7EMO,https://api.spotify.com/v1/tracks/2G7SW5LADSzkwk3PTz7EMO,https://api.spotify.com/v1/audio-analysis/2G7SW5LADSzkwk3PTz7EMO,265360,4
Travis Scott,I Know ?,6wsqVwoiVH2kde4k4KKAFU,0.927,0.619,5,-4.441,0,0.0539,0.0186,0.0,0.104,0.817,117.995,audio_features,6wsqVwoiVH2kde4k4KKAFU,spotify:track:6wsqVwoiVH2kde4k4KKAFU,https://api.spotify.com/v1/tracks/6wsqVwoiVH2kde4k4KKAFU,https://api.spotify.com/v1/audio-analysis/6wsqVwoiVH2kde4k4KKAFU,211582,4
Jason Aldean,Try That In A Small Town,4ROknQyR1wOGPfmpTtB3z4,0.459,0.861,0,-3.762,0,0.0529,0.0474,5.38e-06,0.107,0.333,145.842,audio_features,4ROknQyR1wOGPfmpTtB3z4,spotify:track:4ROknQyR1wOGPfmpTtB3z4,https://api.spotify.com/v1/tracks/4ROknQyR1wOGPfmpTtB3z4,https://api.spotify.com/v1/audio-analysis/4ROknQyR1wOGPfmpTtB3z4,180034,4
Jelly Roll With Lainey Wilson,Save Me,4Bee3PcNdfeqO1B80dDgFn,0.564,0.612,0,-5.018,1,0.0248,0.382,0.0,0.11,0.146,83.03,audio_features,4Bee3PcNdfeqO1B80dDgFn,spotify:track:4Bee3PcNdfeqO1B80dDgFn,https://api.spotify.com/v1/tracks/4Bee3PcNdfeqO1B80dDgFn,https://api.spotify.com/v1/audio-analysis/4Bee3PcNdfeqO1B80dDgFn,237493,3
Chris Stapleton,White Horse,7MSWxMumjz6lHj7oRApNbg,0.353,0.77,1,-11.066,0,0.0493,0.0016,0.598,0.109,0.224,145.225,audio_features,7MSWxMumjz6lHj7oRApNbg,spotify:track:7MSWxMumjz6lHj7oRApNbg,https://api.spotify.com/v1/tracks/7MSWxMumjz6lHj7oRApNbg,https://api.spotify.com/v1/audio-analysis/7MSWxMumjz6lHj7oRApNbg,267893,4
Young Nudy Featuring 21 Savage,Peaches & Eggplants,2KcQ0PbPj0O3P48B9YX7iN,0.911,0.536,4,-7.884,0,0.282,0.00897,3.73e-06,0.111,0.584,146.014,audio_features,2KcQ0PbPj0O3P48B9YX7iN,spotify:track:2KcQ0PbPj0O3P48B9YX7iN,https://api.spotify.com/v1/tracks/2KcQ0PbPj0O3P48B9YX7iN,https://api.spotify.com/v1/audio-analysis/2KcQ0PbPj0O3P48B9YX7iN,203813,4
Travis Scott Featuring Drake,Meltdown,6w3hTgFYPaUo6WFz2tEOtX,0.453,0.987,11,-3.012,0,0.251,0.000164,0.0,0.0776,0.206,154.08,audio_features,6w3hTgFYPaUo6WFz2tEOtX,spotify:track:6w3hTgFYPaUo6WFz2tEOtX,https://api.spotify.com/v1/tracks/6w3hTgFYPaUo6WFz2tEOtX,https://api.spotify.com/v1/audio-analysis/6w3hTgFYPaUo6WFz2tEOtX,268919,4
Rod Wave,Great Gatsby,5gUiTylvifZnUrynE4FFPu,0.649,0.508,8,-10.232,1,0.0959,0.0345,3.59e-05,0.0736,0.405,157.975,audio_features,5gUiTylvifZnUrynE4FFPu,spotify:track:5gUiTylvifZnUrynE4FFPu,https://api.spotify.com/v1/tracks/5gUiTylvifZnUrynE4FFPu,https://api.spotify.com/v1/audio-analysis/5gUiTylvifZnUrynE4FFPu,194051,4
Karol G & Peso Pluma,Qlona,5RqSsdzTNPX1uzkmlHCFvK,0.841,0.738,7,-7.455,0,0.307,0.52,0.0,0.0892,0.484,169.918,audio_features,5RqSsdzTNPX1uzkmlHCFvK,spotify:track:5RqSsdzTNPX1uzkmlHCFvK,https://api.spotify.com/v1/tracks/5RqSsdzTNPX1uzkmlHCFvK,https://api.spotify.com/v1/audio-analysis/5RqSsdzTNPX1uzkmlHCFvK,172798,4
Bad Bunny,Un Preview,63ui2w3QJBp8xx0c1MJB2Z,0.786,0.814,1,-3.318,1,0.0873,0.0383,3.67e-05,0.22,0.365,95.084,audio_features,63ui2w3QJBp8xx0c1MJB2Z,spotify:track:63ui2w3QJBp8xx0c1MJB2Z,https://api.spotify.com/v1/tracks/63ui2w3QJBp8xx0c1MJB2Z,https://api.spotify.com/v1/audio-analysis/63ui2w3QJBp8xx0c1MJB2Z,165582,4
"Peso Pluma, Gabito Ballesteros & Junior H",Lady Gaga,7mXuWTczZNxG5EDcjFEuJR,0.646,0.736,5,-7.118,0,0.0449,0.216,0.0,0.415,0.873,140.098,audio_features,7mXuWTczZNxG5EDcjFEuJR,spotify:track:7mXuWTczZNxG5EDcjFEuJR,https://api.spotify.com/v1/tracks/7mXuWTczZNxG5EDcjFEuJR,https://api.spotify.com/v1/audio-analysis/7mXuWTczZNxG5EDcjFEuJR,212878,3
Olivia Rodrigo,Get Him Back!,3dKYak9dKL8YeHx5jMokoP,0.527,0.252,7,-8.024,1,0.0362,0.839,0.0,0.1,0.157,82.069,audio_features,3dKYak9dKL8YeHx5jMokoP,spotify:track:3dKYak9dKL8YeHx5jMokoP,https://api.spotify.com/v1/tracks/3dKYak9dKL8YeHx5jMokoP,https://api.spotify.com/v1/audio-analysis/3dKYak9dKL8YeHx5jMokoP,231907,4
Cardi B & Megan Thee Stallion,Bongos,20pUucoStmN02Zx7siofI5,0.722,0.742,1,-4.703,1,0.387,0.0861,0.0,0.0321,0.921,121.951,audio_features,20pUucoStmN02Zx7siofI5,spotify:track:20pUucoStmN02Zx7siofI5,https://api.spotify.com/v1/tracks/20pUucoStmN02Zx7siofI5,https://api.spotify.com/v1/audio-analysis/20pUucoStmN02Zx7siofI5,175099,4
Zach Bryan Featuring The War And Treaty,Hey Driver,4pCbJC43j3gSqG6Fen6upD,0.583,0.351,0,-5.836,1,0.0306,0.494,0.0,0.368,0.462,79.014,audio_features,4pCbJC43j3gSqG6Fen6upD,spotify:track:4pCbJC43j3gSqG6Fen6upD,https://api.spotify.com/v1/tracks/4pCbJC43j3gSqG6Fen6upD,https://api.spotify.com/v1/audio-analysis/4pCbJC43j3gSqG6Fen6upD,227467,4
Selena Gomez,Single Soon,6iF4RgIjDvDqyW13PezSj3,0.61,0.571,2,-5.649,1,0.0782,0.00863,0.0,0.131,0.747,105.01,audio_features,6iF4RgIjDvDqyW13PezSj3,spotify:track:6iF4RgIjDvDqyW13PezSj3,https://api.spotify.com/v1/tracks/6iF4RgIjDvDqyW13PezSj3,https://api.spotify.com/v1/audio-analysis/6iF4RgIjDvDqyW13PezSj3,171655,4
Mitski,My Love Mine All Mine,50kSzIXc8avwPULMD4EACM,0.761,0.673,8,-7.306,1,0.0493,0.0587,9.67e-06,0.118,0.927,129.993,audio_features,50kSzIXc8avwPULMD4EACM,spotify:track:50kSzIXc8avwPULMD4EACM,https://api.spotify.com/v1/tracks/50kSzIXc8avwPULMD4EACM,https://api.spotify.com/v1/audio-analysis/50kSzIXc8avwPULMD4EACM,210913,4
Rod Wave,Boyz Don't Cry,2z2gqgwu1GCurpZJYzcytE,0.741,0.509,10,-12.639,1,0.0532,0.0761,2.9e-06,0.114,0.345,152.078,audio_features,2z2gqgwu1GCurpZJYzcytE,spotify:track:2z2gqgwu1GCurpZJYzcytE,https://api.spotify.com/v1/tracks/2z2gqgwu1GCurpZJYzcytE,https://api.spotify.com/v1/audio-analysis/2z2gqgwu1GCurpZJYzcytE,202224,4
Paul Russell,Lil Boo Thang,0cVyQfDyRnMJ0V3rjjdlU3,0.85,0.699,0,-3.292,1,0.0776,0.152,0.0,0.32,0.915,114.481,audio_features,0cVyQfDyRnMJ0V3rjjdlU3,spotify:track:0cVyQfDyRnMJ0V3rjjdlU3,https://api.spotify.com/v1/tracks/0cVyQfDyRnMJ0V3rjjdlU3,https://api.spotify.com/v1/audio-analysis/0cVyQfDyRnMJ0V3rjjdlU3,114234,4
Rod Wave Featuring 21 Savage,Turks & Caicos,3kfhS2L56Wj8fBcu7xE47H,0.544,0.496,0,-12.032,1,0.21,0.13,0.0,0.166,0.314,103.148,audio_features,3kfhS2L56Wj8fBcu7xE47H,spotify:track:3kfhS2L56Wj8fBcu7xE47H,https://api.spotify.com/v1/tracks/3kfhS2L56Wj8fBcu7xE47H,https://api.spotify.com/v1/audio-analysis/3kfhS2L56Wj8fBcu7xE47H,203442,5
Zach Bryan Featuring Noah Kahan,Sarah's Place,1vhbThkFnqAHbZp0fEjXE4,0.576,0.683,7,-5.103,1,0.118,0.41,0.0,0.0819,0.433,151.566,audio_features,1vhbThkFnqAHbZp0fEjXE4,spotify:track:1vhbThkFnqAHbZp0fEjXE4,https://api.spotify.com/v1/tracks/1vhbThkFnqAHbZp0fEjXE4,https://api.spotify.com/v1/audio-analysis/1vhbThkFnqAHbZp0fEjXE4,214056,4
Myke Towers,LaLa,1xK1Gg9SxG8fy2Ya373oqb,0.713,0.617,8,-4.637,1,0.0887,0.122,0.0,0.0962,0.682,168.021,audio_features,1xK1Gg9SxG8fy2Ya373oqb,spotify:track:1xK1Gg9SxG8fy2Ya373oqb,https://api.spotify.com/v1/tracks/1xK1Gg9SxG8fy2Ya373oqb,https://api.spotify.com/v1/audio-analysis/1xK1Gg9SxG8fy2Ya373oqb,232853,4
Thomas Rhett Featuring Morgan Wallen,Mamaw's House,3eNOyXmzuA46bUvi8FkIoW,0.559,0.704,2,-7.686,1,0.0338,0.0177,0.0,0.0821,0.422,89.985,audio_features,3eNOyXmzuA46bUvi8FkIoW,spotify:track:3eNOyXmzuA46bUvi8FkIoW,https://api.spotify.com/v1/tracks/3eNOyXmzuA46bUvi8FkIoW,https://api.spotify.com/v1/audio-analysis/3eNOyXmzuA46bUvi8FkIoW,187269,4
Kenya Grace,Strangers,5mjYQaktjmjcMKcUIcqz4s,0.628,0.523,11,-8.307,0,0.0946,0.701,0.00274,0.219,0.416,169.982,audio_features,5mjYQaktjmjcMKcUIcqz4s,spotify:track:5mjYQaktjmjcMKcUIcqz4s,https://api.spotify.com/v1/tracks/5mjYQaktjmjcMKcUIcqz4s,https://api.spotify.com/v1/audio-analysis/5mjYQaktjmjcMKcUIcqz4s,172965,4
Jung Kook Featuring Latto,Seven,7x9aauaA9cu6tyfpHnqDLo,0.802,0.832,11,-4.107,1,0.0434,0.311,0.0,0.0815,0.89,124.997,audio_features,7x9aauaA9cu6tyfpHnqDLo,spotify:track:7x9aauaA9cu6tyfpHnqDLo,https://api.spotify.com/v1/tracks/7x9aauaA9cu6tyfpHnqDLo,https://api.spotify.com/v1/audio-analysis/7x9aauaA9cu6tyfpHnqDLo,185427,4
Teddy Swims,Lose Control,6usohdchdzW9oML7VC4Uhk,0.561,0.604,9,-4.409,1,0.0337,0.199,1.9e-05,0.104,0.242,159.92,audio_features,6usohdchdzW9oML7VC4Uhk,spotify:track:6usohdchdzW9oML7VC4Uhk,https://api.spotify.com/v1/tracks/6usohdchdzW9oML7VC4Uhk,https://api.spotify.com/v1/audio-analysis/6usohdchdzW9oML7VC4Uhk,210689,3
Rod Wave,Call Your Friends,5W0RVQViQC7xocvAUnIs6Z,0.57,0.557,2,-12.055,1,0.105,0.143,0.0,0.0926,0.301,83.224,audio_features,5W0RVQViQC7xocvAUnIs6Z,spotify:track:5W0RVQViQC7xocvAUnIs6Z,https://api.spotify.com/v1/tracks/5W0RVQViQC7xocvAUnIs6Z,https://api.spotify.com/v1/audio-analysis/5W0RVQViQC7xocvAUnIs6Z,153129,4
Rod Wave,Come See Me,0wGVE3BxTW5KCjoLsNlVRB,0.468,0.495,7,-10.671,1,0.167,0.717,0.0,0.11,0.171,114.227,audio_features,0wGVE3BxTW5KCjoLsNlVRB,spotify:track:0wGVE3BxTW5KCjoLsNlVRB,https://api.spotify.com/v1/tracks/0wGVE3BxTW5KCjoLsNlVRB,https://api.spotify.com/v1/audio-analysis/0wGVE3BxTW5KCjoLsNlVRB,190588,5
Morgan Wallen,Everything I Love,03fs6oV5JAlbytRYf3371S,0.568,0.841,8,-3.802,1,0.0261,0.00514,0.000503,0.147,0.668,103.983,audio_features,03fs6oV5JAlbytRYf3371S,spotify:track:03fs6oV5JAlbytRYf3371S,https://api.spotify.com/v1/tracks/03fs6oV5JAlbytRYf3371S,https://api.spotify.com/v1/audio-analysis/03fs6oV5JAlbytRYf3371S,187047,4
Sexyy Red,SkeeYee,7icwQvajsokotDfM3tefW6,0.739,0.536,1,-10.843,1,0.308,0.231,0.0,0.35,0.64,82.549,audio_features,7icwQvajsokotDfM3tefW6,spotify:track:7icwQvajsokotDfM3tefW6,https://api.spotify.com/v1/tracks/7icwQvajsokotDfM3tefW6,https://api.spotify.com/v1/audio-analysis/7icwQvajsokotDfM3tefW6,154120,4
HARDY,Truck Bed,103u49mLoJUge83B1CnLxI,0.662,0.77,0,-4.887,1,0.0367,0.0875,0.0,0.35,0.769,132.057,audio_features,103u49mLoJUge83B1CnLxI,spotify:track:103u49mLoJUge83B1CnLxI,https://api.spotify.com/v1/tracks/103u49mLoJUge83B1CnLxI,https://api.spotify.com/v1/audio-analysis/103u49mLoJUge83B1CnLxI,167535,4
Karol G,Mi Ex Tenia Razon,54zcJnb3tp9c5OVKREZ1Is,0.634,0.725,5,-4.945,0,0.0587,0.0776,0.0,0.211,0.795,159.845,audio_features,54zcJnb3tp9c5OVKREZ1Is,spotify:track:54zcJnb3tp9c5OVKREZ1Is,https://api.spotify.com/v1/tracks/54zcJnb3tp9c5OVKREZ1Is,https://api.spotify.com/v1/audio-analysis/54zcJnb3tp9c5OVKREZ1Is,154375,4
Zach Bryan,Tourniquet,42TtHTxWk782ZBiqyOi2d1,0.447,0.441,0,-7.658,1,0.0456,0.874,4.36e-05,0.188,0.286,122.811,audio_features,42TtHTxWk782ZBiqyOi2d1,spotify:track:42TtHTxWk782ZBiqyOi2d1,https://api.spotify.com/v1/tracks/42TtHTxWk782ZBiqyOi2d1,https://api.spotify.com/v1/audio-analysis/42TtHTxWk782ZBiqyOi2d1,290892,4
"The Weeknd, Playboi Carti & Madonna",Popular,37sa2suNbOTd1OyIqqZBGx,0.761,0.466,10,-11.186,0,0.0699,0.00365,0.832,0.104,0.432,99.0,audio_features,37sa2suNbOTd1OyIqqZBGx,spotify:track:37sa2suNbOTd1OyIqqZBGx,https://api.spotify.com/v1/tracks/37sa2suNbOTd1OyIqqZBGx,https://api.spotify.com/v1/audio-analysis/37sa2suNbOTd1OyIqqZBGx,217098,4
Tyla,Water,2nLKcpdoIX6oFo5npWHVF4,0.844,0.659,5,-5.741,1,0.0611,0.17,0.0,0.101,0.663,131.032,audio_features,2nLKcpdoIX6oFo5npWHVF4,spotify:track:2nLKcpdoIX6oFo5npWHVF4,https://api.spotify.com/v1/tracks/2nLKcpdoIX6oFo5npWHVF4,https://api.spotify.com/v1/audio-analysis/2nLKcpdoIX6oFo5npWHVF4,160007,4
Grupo Frontera & Grupo Firme,El Amor de Su Vida,0O3U5iwTbiXCREMkvotJuN,0.616,0.834,9,-3.069,1,0.0664,0.06,0.0,0.338,0.746,151.701,audio_features,0O3U5iwTbiXCREMkvotJuN,spotify:track:0O3U5iwTbiXCREMkvotJuN,https://api.spotify.com/v1/tracks/0O3U5iwTbiXCREMkvotJuN,https://api.spotify.com/v1/audio-analysis/0O3U5iwTbiXCREMkvotJuN,165848,4
Maluma & Carin Leon,Segun Quien,6fNCrsrdIcgVd2aZZ0nnz4,0.909,0.762,9,-3.974,1,0.0643,0.434,0.0,0.0856,0.843,101.987,audio_features,6fNCrsrdIcgVd2aZZ0nnz4,spotify:track:6fNCrsrdIcgVd2aZZ0nnz4,https://api.spotify.com/v1/tracks/6fNCrsrdIcgVd2aZZ0nnz4,https://api.spotify.com/v1/audio-analysis/6fNCrsrdIcgVd2aZZ0nnz4,142335,3
Lil Tecca,500lbs,1xWkeSPhf3bZqHY7Ncz8vp,0.731,0.667,7,-7.928,0,0.0815,0.134,0.0,0.114,0.485,123.042,audio_features,1xWkeSPhf3bZqHY7Ncz8vp,spotify:track:1xWkeSPhf3bZqHY7Ncz8vp,https://api.spotify.com/v1/tracks/1xWkeSPhf3bZqHY7Ncz8vp,https://api.spotify.com/v1/audio-analysis/1xWkeSPhf3bZqHY7Ncz8vp,144390,4
Ice Spice,Deli,5JYPXqMwYc0zTODQdjMEZN,0.789,0.763,1,-6.169,1,0.199,0.123,2.22e-05,0.132,0.272,140.107,audio_features,5JYPXqMwYc0zTODQdjMEZN,spotify:track:5JYPXqMwYc0zTODQdjMEZN,https://api.spotify.com/v1/tracks/5JYPXqMwYc0zTODQdjMEZN,https://api.spotify.com/v1/audio-analysis/5JYPXqMwYc0zTODQdjMEZN,126857,4
Travis Scott Featuring SZA & Future,Telekinesis,0cvy7FUx0vFpD6w8SIi9e9,0.407,0.848,4,-5.646,0,0.0518,0.000345,0.000526,0.107,0.0911,113.838,audio_features,0cvy7FUx0vFpD6w8SIi9e9,spotify:track:0cvy7FUx0vFpD6w8SIi9e9,https://api.spotify.com/v1/tracks/0cvy7FUx0vFpD6w8SIi9e9,https://api.spotify.com/v1/audio-analysis/0cvy7FUx0vFpD6w8SIi9e9,312813,4
Olivia Rodrigo,All-American Bitch,6QT6j7rKt7Vk3IuV2AUO9W,0.455,0.379,3,-7.628,1,0.0341,0.803,0.0,0.109,0.413,76.967,audio_features,6QT6j7rKt7Vk3IuV2AUO9W,spotify:track:6QT6j7rKt7Vk3IuV2AUO9W,https://api.spotify.com/v1/tracks/6QT6j7rKt7Vk3IuV2AUO9W,https://api.spotify.com/v1/audio-analysis/6QT6j7rKt7Vk3IuV2AUO9W,177212,4
Young Thug Featuring Drake,Oh U Went,7qLr3HMApUbyDkUvgIvHnB,0.808,0.789,7,-5.88,0,0.236,0.0517,0.0,0.0819,0.465,136.01,audio_features,7qLr3HMApUbyDkUvgIvHnB,spotify:track:7qLr3HMApUbyDkUvgIvHnB,https://api.spotify.com/v1/tracks/7qLr3HMApUbyDkUvgIvHnB,https://api.spotify.com/v1/audio-analysis/7qLr3HMApUbyDkUvgIvHnB,185333,4
Tim McGraw,Standing Room Only,6BOP0cv1eeXcvi1oE8bDVZ,0.475,0.789,1,-6.124,1,0.038,0.17,0.0,0.147,0.485,155.227,audio_features,6BOP0cv1eeXcvi1oE8bDVZ,spotify:track:6BOP0cv1eeXcvi1oE8bDVZ,https://api.spotify.com/v1/tracks/6BOP0cv1eeXcvi1oE8bDVZ,https://api.spotify.com/v1/audio-analysis/6BOP0cv1eeXcvi1oE8bDVZ,226091,4
Victoria Monet,On My Mama,1o8Z7GD1CeOaVBEyuzu4HO,0.481,0.539,4,-7.865,0,0.108,0.551,0.00539,0.12,0.621,153.277,audio_features,1o8Z7GD1CeOaVBEyuzu4HO,spotify:track:1o8Z7GD1CeOaVBEyuzu4HO,https://api.spotify.com/v1/tracks/1o8Z7GD1CeOaVBEyuzu4HO,https://api.spotify.com/v1/audio-analysis/1o8Z7GD1CeOaVBEyuzu4HO,186678,4
Fuerza Regida,Sabor Fresa,1UMm1Qs3u59Wvk53zBUE8r,0.785,0.863,7,-4.599,0,0.0893,0.0883,0.0,0.0929,0.962,130.132,audio_features,1UMm1Qs3u59Wvk53zBUE8r,spotify:track:1UMm1Qs3u59Wvk53zBUE8r,https://api.spotify.com/v1/tracks/1UMm1Qs3u59Wvk53zBUE8r,https://api.spotify.com/v1/audio-analysis/1UMm1Qs3u59Wvk53zBUE8r,156501,3
"That Mexican OT, Paul Wall & DRODi",Johnny Dang,1kwPxt35W7cG3rryxR48PO,0.971,0.671,10,-5.26,0,0.154,0.416,0.0,0.128,0.754,119.965,audio_features,1kwPxt35W7cG3rryxR48PO,spotify:track:1kwPxt35W7cG3rryxR48PO,https://api.spotify.com/v1/tracks/1kwPxt35W7cG3rryxR48PO,https://api.spotify.com/v1/audio-analysis/1kwPxt35W7cG3rryxR48PO,192000,4
Peso Pluma & Grupo Frontera,Tulum,7bPp2NmpmyhLJ7zWazAXMu,0.557,0.866,6,-4.454,1,0.0503,0.394,0.0,0.11,0.631,167.767,audio_features,7bPp2NmpmyhLJ7zWazAXMu,spotify:track:7bPp2NmpmyhLJ7zWazAXMu,https://api.spotify.com/v1/tracks/7bPp2NmpmyhLJ7zWazAXMu,https://api.spotify.com/v1/audio-analysis/7bPp2NmpmyhLJ7zWazAXMu,209415,4
Noah Kahan,Stick Season,0mflMxspEfB0VbI1kyLiAv,0.662,0.488,9,-6.894,1,0.0682,0.782,0.0,0.102,0.817,117.913,audio_features,0mflMxspEfB0VbI1kyLiAv,spotify:track:0mflMxspEfB0VbI1kyLiAv,https://api.spotify.com/v1/tracks/0mflMxspEfB0VbI1kyLiAv,https://api.spotify.com/v1/audio-analysis/0mflMxspEfB0VbI1kyLiAv,182347,4
Dylan Scott,Can't Have Mine,3jfywRZH6cB2iLyKqo4EZd,0.663,0.502,5,-7.07,1,0.0285,0.791,0.0,0.105,0.371,143.969,audio_features,3jfywRZH6cB2iLyKqo4EZd,spotify:track:3jfywRZH6cB2iLyKqo4EZd,https://api.spotify.com/v1/tracks/3jfywRZH6cB2iLyKqo4EZd,https://api.spotify.com/v1/audio-analysis/3jfywRZH6cB2iLyKqo4EZd,183087,4
Zach Bryan Featuring Bon Iver,Boys Of Faith,6pRRHgDjfIGhTUCGlHX2p8,0.302,0.584,1,-6.242,1,0.063,0.385,5.22e-05,0.089,0.159,199.804,audio_features,6pRRHgDjfIGhTUCGlHX2p8,spotify:track:6pRRHgDjfIGhTUCGlHX2p8,https://api.spotify.com/v1/tracks/6pRRHgDjfIGhTUCGlHX2p8,https://api.spotify.com/v1/audio-analysis/6pRRHgDjfIGhTUCGlHX2p8,170825,4
Rick Ross & Meek Mill,Shaq & Kobe,02K2VtGdUG5fUlAQATEgE6,0.493,0.737,10,-4.757,0,0.496,0.194,0.0,0.254,0.482,173.579,audio_features,02K2VtGdUG5fUlAQATEgE6,spotify:track:02K2VtGdUG5fUlAQATEgE6,https://api.spotify.com/v1/tracks/02K2VtGdUG5fUlAQATEgE6,https://api.spotify.com/v1/audio-analysis/02K2VtGdUG5fUlAQATEgE6,219617,4
Warren Zeiders,Pretty Little Poison,2gT2iF1YK5r54A2PDEXVv8,0.518,0.557,1,-4.839,1,0.0332,0.0258,2.46e-06,0.156,0.216,111.865,audio_features,2gT2iF1YK5r54A2PDEXVv8,spotify:track:2gT2iF1YK5r54A2PDEXVv8,https://api.spotify.com/v1/tracks/2gT2iF1YK5r54A2PDEXVv8,https://api.spotify.com/v1/audio-analysis/2gT2iF1YK5r54A2PDEXVv8,218160,3
Peso Pluma x Jasiel Nunez x Junior H,Bipolar,3HOKxuTDmNVmIlCIpBiD8m,0.77,0.622,11,-10.621,1,0.026,0.328,0.00603,0.149,0.792,115.952,audio_features,3HOKxuTDmNVmIlCIpBiD8m,spotify:track:3HOKxuTDmNVmIlCIpBiD8m,https://api.spotify.com/v1/tracks/3HOKxuTDmNVmIlCIpBiD8m,https://api.spotify.com/v1/audio-analysis/3HOKxuTDmNVmIlCIpBiD8m,231247,3
Olivia Rodrigo,The Grudge,3Nl5OkkmS5DaBZvuYofpAt,0.548,0.307,10,-9.214,1,0.0781,0.916,0.0,0.0828,0.317,127.923,audio_features,3Nl5OkkmS5DaBZvuYofpAt,spotify:track:3Nl5OkkmS5DaBZvuYofpAt,https://api.spotify.com/v1/tracks/3Nl5OkkmS5DaBZvuYofpAt,https://api.spotify.com/v1/audio-analysis/3Nl5OkkmS5DaBZvuYofpAt,189386,4
Rod Wave,HG4,59ksHIFa69pi0az2bKdu6s,0.647,0.642,2,-7.687,1,0.0785,0.177,0.0,0.0948,0.219,87.523,audio_features,59ksHIFa69pi0az2bKdu6s,spotify:track:59ksHIFa69pi0az2bKdu6s,https://api.spotify.com/v1/tracks/59ksHIFa69pi0az2bKdu6s,https://api.spotify.com/v1/audio-analysis/59ksHIFa69pi0az2bKdu6s,120895,4
Tyler Childers,In Your Love,1olWQ1LOUYs4VBwx5N8Lz9,0.534,0.409,7,-9.559,1,0.0378,0.844,0.000656,0.115,0.243,127.357,audio_features,1olWQ1LOUYs4VBwx5N8Lz9,spotify:track:1olWQ1LOUYs4VBwx5N8Lz9,https://api.spotify.com/v1/tracks/1olWQ1LOUYs4VBwx5N8Lz9,https://api.spotify.com/v1/audio-analysis/1olWQ1LOUYs4VBwx5N8Lz9,225827,4
Dustin Lynch,Stars Like Confetti,5wtPc1OQ7g1H8FBkwWqbhh,0.623,0.874,10,-3.058,1,0.0329,0.00714,0.0,0.143,0.961,109.97,audio_features,5wtPc1OQ7g1H8FBkwWqbhh,spotify:track:5wtPc1OQ7g1H8FBkwWqbhh,https://api.spotify.com/v1/tracks/5wtPc1OQ7g1H8FBkwWqbhh,https://api.spotify.com/v1/audio-analysis/5wtPc1OQ7g1H8FBkwWqbhh,194267,4
Russell Dickerson,God Gave Me A Girl,7kkLBfxW41iVO0cdLU9e9S,0.518,0.845,7,-5.051,1,0.0647,0.249,0.0,0.0764,0.37,142.133,audio_features,7kkLBfxW41iVO0cdLU9e9S,spotify:track:7kkLBfxW41iVO0cdLU9e9S,https://api.spotify.com/v1/tracks/7kkLBfxW41iVO0cdLU9e9S,https://api.spotify.com/v1/audio-analysis/7kkLBfxW41iVO0cdLU9e9S,187227,4
Zach Bryan Featuring The Lumineers,Spotless,4KULAymBBJcPRpk1yO4dOG,0.429,0.453,0,-7.746,1,0.0459,0.554,2e-06,0.102,0.155,77.639,audio_features,4KULAymBBJcPRpk1yO4dOG,spotify:track:4KULAymBBJcPRpk1yO4dOG,https://api.spotify.com/v1/tracks/4KULAymBBJcPRpk1yO4dOG,https://api.spotify.com/v1/audio-analysis/4KULAymBBJcPRpk1yO4dOG,227196,4
Lil Yachty & J. Cole,The Secret Recipe,5lcYNUreUk4OwC8AhfG8qu,0.55,0.823,5,-4.59,1,0.314,0.723,0.0,0.171,0.665,143.903,audio_features,5lcYNUreUk4OwC8AhfG8qu,spotify:track:5lcYNUreUk4OwC8AhfG8qu,https://api.spotify.com/v1/tracks/5lcYNUreUk4OwC8AhfG8qu,https://api.spotify.com/v1/audio-analysis/5lcYNUreUk4OwC8AhfG8qu,248661,4
Zach Bryan,Oklahoma Smoke Show,0OWhKvvsHptt6vnnNUSM9a,0.544,0.573,8,-5.694,1,0.0356,0.0958,0.0,0.104,0.233,122.977,audio_features,0OWhKvvsHptt6vnnNUSM9a,spotify:track:0OWhKvvsHptt6vnnNUSM9a,https://api.spotify.com/v1/tracks/0OWhKvvsHptt6vnnNUSM9a,https://api.spotify.com/v1/audio-analysis/0OWhKvvsHptt6vnnNUSM9a,211739,4
Calle 24 x Chino Pacas x Fuerza Regida,Que Onda,1QpM1kB7sggMOBuWUNUnfg,0.679,0.785,1,-6.436,1,0.0364,0.0802,0.0,0.127,0.819,91.043,audio_features,1QpM1kB7sggMOBuWUNUnfg,spotify:track:1QpM1kB7sggMOBuWUNUnfg,https://api.spotify.com/v1/tracks/1QpM1kB7sggMOBuWUNUnfg,https://api.spotify.com/v1/audio-analysis/1QpM1kB7sggMOBuWUNUnfg,129953,3
Travis Scott Featuring Playboi Carti,FE!N,0RsUZkIIsJAXDzsDa5xz12,0.525,0.0856,0,-16.351,1,0.0395,0.976,0.865,0.118,0.121,74.038,audio_features,0RsUZkIIsJAXDzsDa5xz12,spotify:track:0RsUZkIIsJAXDzsDa5xz12,https://api.spotify.com/v1/tracks/0RsUZkIIsJAXDzsDa5xz12,https://api.spotify.com/v1/audio-analysis/0RsUZkIIsJAXDzsDa5xz12,150088,4
Rod Wave,Long Journey,59ksHIFa69pi0az2bKdu6s,0.647,0.642,2,-7.687,1,0.0785,0.177,0.0,0.0948,0.219,87.523,audio_features,59ksHIFa69pi0az2bKdu6s,spotify:track:59ksHIFa69pi0az2bKdu6s,https://api.spotify.com/v1/tracks/59ksHIFa69pi0az2bKdu6s,https://api.spotify.com/v1/audio-analysis/59ksHIFa69pi0az2bKdu6s,120895,4
Luke Bryan,But I Got A Beer In My Hand,3jhV8I9sIPXsjPs2ZOnSaf,0.404,0.788,2,-4.355,1,0.0535,0.00518,1.71e-06,0.17,0.608,208.138,audio_features,3jhV8I9sIPXsjPs2ZOnSaf,spotify:track:3jhV8I9sIPXsjPs2ZOnSaf,https://api.spotify.com/v1/tracks/3jhV8I9sIPXsjPs2ZOnSaf,https://api.spotify.com/v1/audio-analysis/3jhV8I9sIPXsjPs2ZOnSaf,176427,4
Peso Pluma,Rubicon,0xGZjxYqcNQ8WqxyeZ4eSN,0.758,0.816,5,-7.284,1,0.0406,0.136,3.64e-06,0.326,0.915,139.959,audio_features,0xGZjxYqcNQ8WqxyeZ4eSN,spotify:track:0xGZjxYqcNQ8WqxyeZ4eSN,https://api.spotify.com/v1/tracks/0xGZjxYqcNQ8WqxyeZ4eSN,https://api.spotify.com/v1/audio-analysis/0xGZjxYqcNQ8WqxyeZ4eSN,238447,3
Zach Bryan,East Side Of Sorrow,00syWkRGIVQvYsg2OwfBUw,0.408,0.607,10,-7.463,1,0.0391,0.236,8.02e-05,0.0972,0.169,144.136,audio_features,00syWkRGIVQvYsg2OwfBUw,spotify:track:00syWkRGIVQvYsg2OwfBUw,https://api.spotify.com/v1/tracks/00syWkRGIVQvYsg2OwfBUw,https://api.spotify.com/v1/audio-analysis/00syWkRGIVQvYsg2OwfBUw,209320,4
Bad Bunny,Where She Goes,0SMkzFGJOBFDI9KfYD55L0,0.536,0.854,7,-6.907,1,0.0298,0.0129,0.743,0.156,0.905,122.733,audio_features,0SMkzFGJOBFDI9KfYD55L0,spotify:track:0SMkzFGJOBFDI9KfYD55L0,https://api.spotify.com/v1/tracks/0SMkzFGJOBFDI9KfYD55L0,https://api.spotify.com/v1/audio-analysis/0SMkzFGJOBFDI9KfYD55L0,162160,4
